detector,text_id,score,word count,experiment_name,average_sentence_length,sentence_length_variability,average_word_length,lexical_diversity
GPTZero,style_dif_cat_arg_p_1,1.0,416,Style Difference Test,19.916666666666668,4.241786607455449,5.056485355648536,0.45188284518828453
GPTZero,style_dif_cat_arg_p_13,0.9973955738343496,437,Style Difference Test,23.047619047619047,5.305432974566642,4.851239669421488,0.3925619834710744
GPTZero,style_dif_cat_arg_p_14,0.9977558223168834,443,Style Difference Test,25.473684210526315,6.449534186906073,4.911157024793388,0.3884297520661157
GPTZero,style_dif_cat_arg_p_16,0.915321344878592,473,Style Difference Test,22.217391304347824,6.7214481782312525,4.986301369863014,0.4090019569471624
GPTZero,style_dif_cat_arg_p_10,0.9977775103937532,466,Style Difference Test,24.136363636363637,5.285158505939101,4.928436911487759,0.4369114877589454
GPTZero,style_dif_cat_arg_p_15,0.9826080317224812,451,Style Difference Test,23.761904761904763,7.569047244566266,4.9318637274549095,0.42685370741482964
GPTZero,style_dif_cat_arg_p_11,0.9825825322814176,471,Style Difference Test,28.27777777777778,8.696216591514723,4.662082514734774,0.3948919449901768
GPTZero,style_dif_cat_arg_p_12,1.0,424,Style Difference Test,20.304347826086957,5.295236131816938,4.860813704496788,0.4089935760171306
GPTZero,style_dif_cat_arg_p_0,0.4712338466985307,452,Style Difference Test,25.842105263157894,5.0581414888906995,5.173116089613035,0.4134419551934827
GPTZero,style_dif_cat_arg_p_17,0.9977558223168834,472,Style Difference Test,23.954545454545453,5.66927620077666,5.140417457305503,0.40417457305502846
GPTZero,style_dif_cat_arg_p_19,0.9973955738343496,487,Style Difference Test,24.181818181818183,4.08989886516436,5.208646616541353,0.41729323308270677
GPTZero,style_dif_cat_arg_p_18,0.9977558223168834,421,Style Difference Test,26.055555555555557,7.959250794051811,5.02771855010661,0.42217484008528783
GPTZero,style_dif_cat_arg_p_7,0.8235569534490451,423,Style Difference Test,22.714285714285715,5.100420150760692,5.077568134171908,0.43186582809224316
GPTZero,style_dif_cat_arg_p_6,0.9977558223168834,498,Style Difference Test,27.3,6.241625968995748,5.184981684981685,0.33882783882783885
GPTZero,style_dif_cat_arg_p_2,0.9807071088338744,493,Style Difference Test,24.5,6.021785844905542,4.714285714285714,0.38961038961038963
GPTZero,style_dif_cat_arg_p_8,0.982251886615535,449,Style Difference Test,21.869565217391305,5.074932581962291,5.20079522862823,0.44731610337972166
GPTZero,style_dif_cat_arg_p_5,0.819858645701187,474,Style Difference Test,24.363636363636363,7.188254007128273,4.998134328358209,0.416044776119403
GPTZero,style_dif_cat_arg_p_9,0.915321344878592,442,Style Difference Test,23.38095238095238,6.476698159372494,4.94704684317719,0.4073319755600815
GPTZero,style_dif_cat_arg_p_3,0.915173930512831,485,Style Difference Test,22.625,6.964584322313048,4.970534069981584,0.3425414364640884
GPTZero,style_dif_cat_arg_p_4,0.9973955738343496,469,Style Difference Test,23.636363636363637,4.5097297410889645,5.178846153846154,0.36346153846153845
GPTZero,style_dif_cat_cause_eff_p_1,0.9977558223168834,464,Style Difference Test,21.333333333333332,5.264042641120628,5.0,0.451171875
GPTZero,style_dif_cat_cause_eff_p_0,0.9977558223168834,474,Style Difference Test,25.047619047619047,7.664699540596425,5.134980988593156,0.41825095057034223
GPTZero,style_dif_cat_cause_eff_p_12,0.929429835815492,496,Style Difference Test,26.666666666666668,8.97403662424738,5.007142857142857,0.3892857142857143
GPTZero,style_dif_cat_cause_eff_p_13,0.9825825322814176,468,Style Difference Test,23.454545454545453,5.0495381469829,4.724806201550388,0.39147286821705424
GPTZero,style_dif_cat_cause_eff_p_11,0.7589185649704708,451,Style Difference Test,21.083333333333332,6.983936019097009,4.67193675889328,0.40118577075098816
GPTZero,style_dif_cat_cause_eff_p_15,0.9977558223168834,479,Style Difference Test,23.652173913043477,6.183619825813811,4.8786764705882355,0.3290441176470588
GPTZero,style_dif_cat_cause_eff_p_14,0.982932157729323,489,Style Difference Test,20.88888888888889,6.259351977600172,5.180851063829787,0.4308510638297872
GPTZero,style_dif_cat_cause_eff_p_10,0.9977558223168834,420,Style Difference Test,23.4,5.716089940731017,5.264957264957265,0.391025641025641
GPTZero,style_dif_cat_cause_eff_p_17,0.9977558223168834,471,Style Difference Test,22.0,6.365668788936068,4.839015151515151,0.3996212121212121
GPTZero,style_dif_cat_cause_eff_p_16,0.9977775103937532,497,Style Difference Test,22.56,5.315700016617441,5.00531914893617,0.45567375886524825
GPTZero,style_dif_cat_cause_eff_p_18,0.8314732230637943,494,Style Difference Test,23.291666666666668,7.327608107678122,4.856887298747764,0.3810375670840787
GPTZero,style_dif_cat_cause_eff_p_2,0.9973955738343496,487,Style Difference Test,28.0,7.386173268720113,5.095864661654136,0.4116541353383459
GPTZero,style_dif_cat_cause_eff_p_19,0.982932157729323,441,Style Difference Test,19.0,6.300183147521007,4.785575048732944,0.3996101364522417
GPTZero,style_dif_cat_cause_eff_p_5,0.9977558223168834,497,Style Difference Test,22.625,5.443883684027185,4.613259668508287,0.39410681399631675
GPTZero,style_dif_cat_cause_eff_p_6,0.9977558223168834,475,Style Difference Test,23.217391304347824,6.288203398132458,4.737827715355805,0.3951310861423221
GPTZero,style_dif_cat_cause_eff_p_3,0.9977558223168834,429,Style Difference Test,25.894736842105264,7.36277979541623,5.184959349593496,0.44715447154471544
GPTZero,style_dif_cat_cause_eff_p_7,0.9977558223168834,453,Style Difference Test,24.142857142857142,5.738342219541409,4.595660749506903,0.388560157790927
GPTZero,style_dif_cat_cause_eff_p_4,0.9977558223168834,462,Style Difference Test,29.88235294117647,10.04914394949376,5.112204724409449,0.40551181102362205
GPTZero,style_dif_cat_cause_eff_p_8,0.9977558223168834,471,Style Difference Test,23.47826086956522,5.607377974333064,5.003703703703704,0.4111111111111111
GPTZero,style_dif_cat_comp_contr_p_0,0.9977775103937532,471,Style Difference Test,19.392857142857142,6.032868525461387,5.3959484346224675,0.3775322283609576
GPTZero,style_dif_cat_comp_contr_p_1,0.9977558223168834,459,Style Difference Test,22.17391304347826,5.051122052781428,4.786274509803921,0.4019607843137255
GPTZero,style_dif_cat_cause_eff_p_9,0.9977775103937532,473,Style Difference Test,29.72222222222222,7.442371187255369,4.960747663551402,0.3775700934579439
GPTZero,style_dif_cat_comp_contr_p_10,0.982932157729323,483,Style Difference Test,25.0,8.118174789000413,4.672727272727273,0.3690909090909091
GPTZero,style_dif_cat_comp_contr_p_12,0.4712838602865323,444,Style Difference Test,23.142857142857142,6.9662451455982675,4.446502057613169,0.3683127572016461
GPTZero,style_dif_cat_comp_contr_p_11,0.982932157729323,436,Style Difference Test,25.31578947368421,5.53827722490334,5.029106029106029,0.4261954261954262
GPTZero,style_dif_cat_comp_contr_p_13,0.982932157729323,467,Style Difference Test,26.2,6.4367366691024746,5.061068702290076,0.43702290076335876
GPTZero,style_dif_cat_comp_contr_p_15,0.9977775103937532,490,Style Difference Test,21.26923076923077,4.591798709069833,4.8499095840868,0.3508137432188065
GPTZero,style_dif_cat_comp_contr_p_14,0.9973955738343496,470,Style Difference Test,24.363636363636363,6.106557400863705,5.126865671641791,0.4906716417910448
GPTZero,style_dif_cat_comp_contr_p_16,0.9977775103937532,486,Style Difference Test,29.38888888888889,11.019442117238214,4.790170132325142,0.3742911153119093
GPTZero,style_dif_cat_comp_contr_p_17,0.9977558223168834,439,Style Difference Test,21.17391304347826,5.589374447947426,4.439425051334703,0.40451745379876797
GPTZero,style_dif_cat_comp_contr_p_4,0.9825825322814176,453,Style Difference Test,22.434782608695652,7.650466931421552,5.02906976744186,0.36046511627906974
GPTZero,style_dif_cat_comp_contr_p_3,0.9977558223168834,469,Style Difference Test,21.458333333333332,5.2583611818551015,4.984466019417476,0.3572815533980582
GPTZero,style_dif_cat_comp_contr_p_2,0.9977775103937532,471,Style Difference Test,23.0,6.149648918286459,5.185255198487713,0.43100189035916825
GPTZero,style_dif_cat_comp_contr_p_18,0.9977775103937532,456,Style Difference Test,24.61904761904762,6.763698621879826,5.145067698259187,0.3829787234042553
GPTZero,style_dif_cat_comp_contr_p_19,0.9977558223168834,497,Style Difference Test,25.545454545454547,6.709817063202619,5.192170818505338,0.35765124555160144
GPTZero,style_dif_cat_comp_contr_p_5,1.0,403,Style Difference Test,23.42105263157895,6.336102810909034,5.033707865168539,0.36629213483146067
GPTZero,style_dif_cat_comp_contr_p_6,0.9977775103937532,490,Style Difference Test,26.7,5.171785805797899,4.737827715355805,0.40262172284644193
GPTZero,style_dif_cat_comp_contr_p_7,0.9826080317224812,466,Style Difference Test,21.56,6.292058486695749,5.12430426716141,0.3803339517625232
GPTZero,style_dif_cat_comp_contr_p_9,0.9977775103937532,439,Style Difference Test,23.666666666666668,7.901476655241939,4.921529175050302,0.3843058350100604
GPTZero,style_dif_cat_comp_contr_p_8,0.9977775103937532,467,Style Difference Test,24.38095238095238,7.031900102221237,5.31640625,0.376953125
GPTZero,style_dif_cat_contr_arg_p_12,0.9977775103937532,468,Style Difference Test,22.652173913043477,4.725258007887688,5.399232245681382,0.3570057581573896
GPTZero,style_dif_cat_contr_arg_p_1,0.9825825322814176,484,Style Difference Test,23.130434782608695,6.884134248242555,5.541353383458647,0.4718045112781955
GPTZero,style_dif_cat_contr_arg_p_13,0.9977775103937532,413,Style Difference Test,21.61904761904762,5.054465258325459,4.88546255506608,0.41409691629955947
GPTZero,style_dif_cat_contr_arg_p_11,0.982932157729323,437,Style Difference Test,26.555555555555557,7.155600210959593,4.669456066945607,0.4100418410041841
GPTZero,style_dif_cat_contr_arg_p_10,0.9825825322814176,492,Style Difference Test,29.72222222222222,6.994161897868448,5.059813084112149,0.3981308411214953
GPTZero,style_dif_cat_contr_arg_p_0,0.9977775103937532,487,Style Difference Test,22.333333333333332,4.517277620586239,4.835820895522388,0.4141791044776119
GPTZero,style_dif_cat_contr_arg_p_14,0.9977558223168834,444,Style Difference Test,23.285714285714285,6.341473465550866,5.032719836400818,0.4130879345603272
GPTZero,style_dif_cat_contr_arg_p_15,0.982932157729323,466,Style Difference Test,28.22222222222222,7.87815711173141,4.830708661417323,0.41338582677165353
GPTZero,style_dif_cat_contr_arg_p_16,0.7149289967777173,427,Style Difference Test,26.166666666666668,7.081458806173303,5.023354564755839,0.42038216560509556
GPTZero,style_dif_cat_contr_arg_p_17,0.9977558223168834,491,Style Difference Test,26.9,7.268533479827167,4.9981412639405205,0.3903345724907063
GPTZero,style_dif_cat_contr_arg_p_18,0.982932157729323,472,Style Difference Test,22.565217391304348,4.460188407725739,4.928709055876686,0.43545279383429675
GPTZero,style_dif_cat_contr_arg_p_2,1.0,420,Style Difference Test,25.333333333333332,6.106890996821446,5.107456140350878,0.4583333333333333
GPTZero,style_dif_cat_contr_arg_p_19,0.4340580987325952,457,Style Difference Test,23.952380952380953,6.143909101510133,4.6978131212723655,0.38767395626242546
GPTZero,style_dif_cat_contr_arg_p_3,0.9080513058259928,487,Style Difference Test,26.45,4.547700402111865,4.911153119092628,0.387523629489603
GPTZero,style_dif_cat_contr_arg_p_7,0.9977558223168834,468,Style Difference Test,23.772727272727273,5.135606962614923,4.764818355640536,0.3938814531548757
GPTZero,style_dif_cat_contr_arg_p_6,0.9432387312186978,494,Style Difference Test,25.714285714285715,6.96521971758865,4.692592592592592,0.37222222222222223
GPTZero,style_dif_cat_contr_arg_p_5,0.7737826085224376,497,Style Difference Test,23.416666666666668,6.82652541746988,4.798932384341637,0.44483985765124556
GPTZero,style_dif_cat_contr_arg_p_4,0.9122259726882967,475,Style Difference Test,23.0,5.072205903477571,5.187145557655954,0.47448015122873344
GPTZero,style_dif_cat_contr_arg_p_8,0.9977775103937532,487,Style Difference Test,25.333333333333332,4.809712396114068,5.31203007518797,0.39097744360902253
GPTZero,style_dif_cat_desc_p_11,0.9977775103937532,460,Style Difference Test,23.61904761904762,5.545053565802502,5.022177419354839,0.37298387096774194
GPTZero,style_dif_cat_desc_p_0,0.9122259726882967,456,Style Difference Test,22.08695652173913,7.537259228648163,3.927165354330709,0.4015748031496063
GPTZero,style_dif_cat_desc_p_10,0.9977558223168834,463,Style Difference Test,22.26086956521739,8.029589547442338,4.142578125,0.46875
GPTZero,style_dif_cat_contr_arg_p_9,0.9977775103937532,432,Style Difference Test,25.42105263157895,7.205829349088634,5.180124223602484,0.38923395445134573
GPTZero,style_dif_cat_desc_p_14,0.9977775103937532,483,Style Difference Test,26.75,5.571308076584038,4.381308411214953,0.45981308411214955
GPTZero,style_dif_cat_desc_p_1,0.9977558223168834,488,Style Difference Test,22.24,5.994997914928745,4.525179856115108,0.4784172661870504
GPTZero,style_dif_cat_desc_p_13,0.982932157729323,493,Style Difference Test,20.444444444444443,5.672696640883168,3.8840579710144927,0.48731884057971014
GPTZero,style_dif_cat_desc_p_12,0.9977775103937532,467,Style Difference Test,25.523809523809526,9.135748724757308,4.514925373134329,0.39925373134328357
GPTZero,style_dif_cat_desc_p_15,0.9977775103937532,451,Style Difference Test,27.444444444444443,5.873391867238537,4.445344129554656,0.4777327935222672
GPTZero,style_dif_cat_desc_p_16,0.9973955738343496,431,Style Difference Test,25.526315789473685,6.058679917208144,4.717525773195876,0.4845360824742268
GPTZero,style_dif_cat_desc_p_17,0.982932157729323,441,Style Difference Test,19.88,5.027590542861129,3.8048289738430583,0.4164989939637827
GPTZero,style_dif_cat_desc_p_18,0.9977775103937532,473,Style Difference Test,22.17391304347826,4.941955574586418,4.317647058823529,0.47843137254901963
GPTZero,style_dif_cat_desc_p_19,0.9977558223168834,498,Style Difference Test,22.12,5.109794516416487,3.8987341772151898,0.42857142857142855
GPTZero,style_dif_cat_desc_p_2,0.9977558223168834,412,Style Difference Test,21.136363636363637,4.590834082795585,4.645161290322581,0.4666666666666667
GPTZero,style_dif_cat_desc_p_5,0.9973955738343496,488,Style Difference Test,19.925925925925927,6.182642737945581,4.241635687732342,0.45353159851301117
GPTZero,style_dif_cat_desc_p_6,0.9977775103937532,473,Style Difference Test,24.0,6.07100838882165,4.134469696969697,0.4602272727272727
GPTZero,style_dif_cat_desc_p_4,0.9977558223168834,479,Style Difference Test,19.88888888888889,4.48358830654244,4.197392923649907,0.48044692737430167
GPTZero,style_dif_cat_desc_p_3,0.9977775103937532,498,Style Difference Test,26.095238095238095,7.210442163312607,4.228102189781022,0.4124087591240876
GPTZero,style_dif_cat_desc_p_8,0.9977558223168834,438,Style Difference Test,23.047619047619047,6.422430929766318,4.028925619834711,0.4731404958677686
GPTZero,style_dif_cat_desc_p_7,0.9977558223168834,491,Style Difference Test,27.45,6.886103473854541,4.741347905282331,0.48451730418943534
GPTZero,style_dif_cat_desc_p_9,0.9826080317224812,467,Style Difference Test,22.695652173913043,5.563148083665445,3.739463601532567,0.41954022988505746
GPTZero,style_dif_cat_expos_p_10,0.915321344878592,486,Style Difference Test,28.157894736842106,6.776291659526674,4.672897196261682,0.4074766355140187
GPTZero,style_dif_cat_expos_p_0,0.9977558223168834,496,Style Difference Test,24.17391304347826,9.188194866304576,4.690647482014389,0.43884892086330934
GPTZero,style_dif_cat_expos_p_1,0.9191584664484156,490,Style Difference Test,24.869565217391305,5.794231832576624,4.777972027972028,0.3951048951048951
GPTZero,style_dif_cat_expos_p_13,0.9977558223168834,448,Style Difference Test,24.428571428571427,6.903415303829175,4.635477582846004,0.3898635477582846
GPTZero,style_dif_cat_expos_p_11,0.9977775103937532,499,Style Difference Test,30.666666666666668,6.4625618668104785,4.813405797101449,0.3713768115942029
GPTZero,style_dif_cat_expos_p_14,0.915321344878592,433,Style Difference Test,22.636363636363637,6.701424543266223,5.106425702811245,0.41164658634538154
GPTZero,style_dif_cat_expos_p_12,0.982932157729323,452,Style Difference Test,22.08695652173913,6.366910507233051,4.94488188976378,0.3956692913385827
GPTZero,style_dif_cat_expos_p_15,0.982932157729323,453,Style Difference Test,22.90909090909091,7.806646075218406,4.650793650793651,0.39285714285714285
GPTZero,style_dif_cat_expos_p_16,0.9977558223168834,474,Style Difference Test,25.047619047619047,6.0702239701364435,4.944866920152092,0.3973384030418251
GPTZero,style_dif_cat_expos_p_17,0.9977558223168834,482,Style Difference Test,25.476190476190474,6.667976061887503,5.242990654205608,0.34579439252336447
GPTZero,style_dif_cat_expos_p_18,0.9973955738343496,413,Style Difference Test,22.75,6.919651649278916,5.175824175824176,0.44835164835164837
GPTZero,style_dif_cat_expos_p_19,0.9977558223168834,436,Style Difference Test,21.0,5.9696200579570915,5.41407867494824,0.42857142857142855
GPTZero,style_dif_cat_expos_p_3,0.9977558223168834,432,Style Difference Test,22.428571428571427,7.004080443366057,5.072186836518047,0.4543524416135881
GPTZero,style_dif_cat_expos_p_2,0.9977558223168834,411,Style Difference Test,26.055555555555557,7.415978157070299,4.833688699360341,0.4051172707889126
GPTZero,style_dif_cat_expos_p_4,0.9973955738343496,437,Style Difference Test,20.833333333333332,6.140858647415379,4.498,0.422
GPTZero,style_dif_cat_expos_p_6,0.9825825322814176,419,Style Difference Test,20.5,4.180701002172389,4.7682926829268295,0.3861788617886179
GPTZero,style_dif_cat_expos_p_7,0.9973955738343496,482,Style Difference Test,29.666666666666668,6.9366884792978505,4.52621722846442,0.3838951310861423
GPTZero,style_dif_cat_expos_p_8,0.9826080317224812,495,Style Difference Test,20.74074074074074,5.495400822454191,4.616071428571429,0.3821428571428571
GPTZero,style_dif_cat_expos_p_5,0.9973955738343496,440,Style Difference Test,23.571428571428573,6.697547525560595,5.024242424242424,0.37373737373737376
GPTZero,style_dif_cat_funny_arg_p_1,0.915321344878592,428,Style Difference Test,16.93103448275862,7.558963621719763,4.036659877800408,0.505091649694501
GPTZero,style_dif_cat_funny_arg_p_10,0.4708284996133023,434,Style Difference Test,20.666666666666668,5.8656454974239,4.046370967741935,0.45564516129032256
GPTZero,style_dif_cat_expos_p_9,0.9977775103937532,490,Style Difference Test,25.904761904761905,5.521818196072394,4.5625,0.38786764705882354
GPTZero,style_dif_cat_funny_arg_p_0,0.9977558223168834,474,Style Difference Test,17.65625,6.8184255821527335,3.95929203539823,0.39469026548672564
GPTZero,style_dif_cat_funny_arg_p_11,0.915321344878592,487,Style Difference Test,23.083333333333332,9.016490528430413,3.8935018050541514,0.44404332129963897
GPTZero,style_dif_cat_funny_arg_p_12,0.9977558223168834,478,Style Difference Test,16.91176470588235,11.896950582190389,4.102608695652174,0.4834782608695652
GPTZero,style_dif_cat_funny_arg_p_13,0.9826080317224812,432,Style Difference Test,24.94736842105263,8.859857562251879,4.377637130801688,0.4620253164556962
GPTZero,style_dif_cat_funny_arg_p_15,0.7107552339655768,393,Style Difference Test,20.545454545454547,14.841150233716396,4.157079646017699,0.4778761061946903
GPTZero,style_dif_cat_funny_arg_p_16,0.9977775103937532,462,Style Difference Test,19.884615384615383,7.151653923824464,4.591876208897485,0.4835589941972921
GPTZero,style_dif_cat_funny_arg_p_14,0.9977558223168834,443,Style Difference Test,19.384615384615383,7.616177114941186,4.305555555555555,0.4801587301587302
GPTZero,style_dif_cat_funny_arg_p_17,0.9973955738343496,464,Style Difference Test,16.454545454545453,7.263310665129354,4.066298342541437,0.44751381215469616
GPTZero,style_dif_cat_funny_arg_p_18,0.9820821274401206,497,Style Difference Test,20.821428571428573,8.641217212906694,4.154373927958834,0.4425385934819897
GPTZero,style_dif_cat_funny_arg_p_2,0.9977558223168834,452,Style Difference Test,22.47826086956522,8.69623515832304,4.148936170212766,0.5164410058027079
GPTZero,style_dif_cat_funny_arg_p_4,0.9820821274401206,435,Style Difference Test,18.40740740740741,5.3151399088558575,4.396378269617706,0.48088531187122735
GPTZero,style_dif_cat_funny_arg_p_19,0.982932157729323,480,Style Difference Test,20.51851851851852,8.049703149664639,3.9927797833935017,0.41335740072202165
GPTZero,style_dif_cat_funny_arg_p_3,0.7088738697725634,466,Style Difference Test,20.68,7.346881424568296,4.342359767891683,0.46421663442940037
GPTZero,style_dif_cat_funny_arg_p_5,0.915321344878592,477,Style Difference Test,23.041666666666668,8.779814629451822,3.7884267631103072,0.45207956600361665
GPTZero,style_dif_cat_funny_arg_p_6,0.982251886615535,497,Style Difference Test,20.962962962962962,8.942041934598269,3.9257950530035335,0.4416961130742049
GPTZero,style_dif_cat_funny_arg_p_9,0.982251886615535,457,Style Difference Test,13.85,5.881522565824915,3.563176895306859,0.40252707581227437
GPTZero,style_dif_cat_funny_arg_p_8,0.7226982044765106,417,Style Difference Test,17.035714285714285,7.574235777888593,4.050314465408805,0.48427672955974843
GPTZero,style_dif_cat_funny_arg_p_7,0.9802844144278466,491,Style Difference Test,16.970588235294116,7.481230226647207,3.779896013864818,0.4558058925476603
GPTZero,style_dif_cat_nar_p_0,0.9977775103937532,466,Style Difference Test,19.296296296296298,5.65559501606639,4.203454894433781,0.4856046065259117
GPTZero,style_dif_cat_nar_p_1,0.9825825322814176,500,Style Difference Test,21.53846153846154,7.066715045794725,4.05,0.42857142857142855
GPTZero,style_dif_cat_nar_p_11,0.4444388531746531,433,Style Difference Test,21.954545454545453,3.5251109098022613,4.070393374741201,0.4306418219461698
GPTZero,style_dif_cat_nar_p_12,0.982251886615535,488,Style Difference Test,20.884615384615383,4.483988609057102,3.8084714548802947,0.3812154696132597
GPTZero,style_dif_cat_nar_p_13,0.982932157729323,478,Style Difference Test,19.392857142857142,7.104194304745382,3.998158379373849,0.430939226519337
GPTZero,style_dif_cat_nar_p_10,0.9977558223168834,437,Style Difference Test,16.6,5.275839531166645,3.9819277108433737,0.44779116465863456
GPTZero,style_dif_cat_nar_p_14,0.9826080317224812,477,Style Difference Test,19.88888888888889,5.279374477321615,3.716945996275605,0.44320297951582865
GPTZero,style_dif_cat_nar_p_15,0.982251886615535,481,Style Difference Test,23.26086956521739,6.586607564557506,3.880373831775701,0.405607476635514
GPTZero,style_dif_cat_nar_p_17,0.915321344878592,438,Style Difference Test,23.238095238095237,9.544133076947125,3.9077868852459017,0.3831967213114754
GPTZero,style_dif_cat_nar_p_16,0.8235569534490451,470,Style Difference Test,19.666666666666668,5.791240069144219,4.03578154425612,0.4274952919020716
GPTZero,style_dif_cat_nar_p_18,0.9977558223168834,498,Style Difference Test,22.04,6.919055812271884,3.9637023593466423,0.4319419237749546
GPTZero,style_dif_cat_nar_p_3,0.9977558223168834,489,Style Difference Test,24.09090909090909,5.209049734279673,4.275471698113208,0.44528301886792454
GPTZero,style_dif_cat_nar_p_2,0.9977775103937532,483,Style Difference Test,22.541666666666668,5.860547286111906,4.0831792975970425,0.4658040665434381
GPTZero,style_dif_cat_nar_p_19,0.9977775103937532,459,Style Difference Test,20.44,5.686826883245173,3.9941291585127203,0.44031311154598823
GPTZero,style_dif_cat_nar_p_6,0.9977558223168834,486,Style Difference Test,26.7,7.182581268890073,4.617977528089888,0.4438202247191011
GPTZero,style_dif_cat_nar_p_4,0.9977558223168834,466,Style Difference Test,20.88,4.418898807018177,4.2988505747126435,0.43486590038314177
GPTZero,style_dif_cat_nar_p_5,0.9820821274401206,482,Style Difference Test,19.464285714285715,6.149267603828285,3.932110091743119,0.4091743119266055
GPTZero,style_dif_cat_nar_p_7,0.9807071088338744,460,Style Difference Test,18.0,7.1813249871753175,4.350574712643678,0.47509578544061304
GPTZero,style_dif_cat_nar_p_8,0.9973955738343496,477,Style Difference Test,23.043478260869566,5.530726245831022,4.330188679245283,0.4207547169811321
GPTZero,style_dif_cat_pers_p_0,0.9977775103937532,430,Style Difference Test,21.40909090909091,4.7675399557253035,5.040339702760085,0.46496815286624205
GPTZero,style_dif_cat_pers_p_10,0.982932157729323,479,Style Difference Test,25.38095238095238,3.8791260675078667,5.181988742964353,0.4277673545966229
GPTZero,style_dif_cat_nar_p_9,0.8223915592028135,480,Style Difference Test,20.346153846153847,5.649370284853402,4.088846880907372,0.43856332703213613
GPTZero,style_dif_cat_pers_p_1,0.9977558223168834,433,Style Difference Test,22.761904761904763,7.381766468161682,4.794979079497908,0.40376569037656906
GPTZero,style_dif_cat_pers_p_11,0.9977558223168834,494,Style Difference Test,27.5,6.0567491714876045,5.090909090909091,0.3654545454545455
GPTZero,style_dif_cat_pers_p_12,0.9977558223168834,473,Style Difference Test,26.45,6.244787299904829,5.22117202268431,0.4120982986767486
GPTZero,style_dif_cat_pers_p_13,0.9977775103937532,490,Style Difference Test,24.0,5.57592226370751,4.878623188405797,0.411231884057971
GPTZero,style_dif_cat_pers_p_14,0.4444388531746531,457,Style Difference Test,23.681818181818183,5.890964539314695,4.848368522072937,0.3838771593090211
GPTZero,style_dif_cat_pers_p_16,0.9977558223168834,466,Style Difference Test,21.583333333333332,5.830330490048434,4.994208494208494,0.3764478764478765
GPTZero,style_dif_cat_pers_p_15,0.9109374343376851,440,Style Difference Test,22.045454545454547,5.286796426023651,4.960824742268041,0.4845360824742268
GPTZero,style_dif_cat_pers_p_17,0.9977558223168834,468,Style Difference Test,21.666666666666668,4.124862755731781,5.107692307692307,0.3403846153846154
GPTZero,style_dif_cat_pers_p_19,0.9977558223168834,446,Style Difference Test,26.36842105263158,7.682668274295429,4.820359281437126,0.41916167664670656
GPTZero,style_dif_cat_pers_p_2,0.9973955738343496,439,Style Difference Test,19.84,5.778408085277467,4.959677419354839,0.4375
GPTZero,style_dif_cat_pers_p_18,0.9973955738343496,475,Style Difference Test,24.272727272727273,5.7667504935978675,4.833333333333333,0.3895131086142322
GPTZero,style_dif_cat_pers_p_3,0.9977558223168834,464,Style Difference Test,23.272727272727273,5.953644887452345,4.673828125,0.46875
GPTZero,style_dif_cat_pers_p_4,0.9039341262580056,456,Style Difference Test,26.31578947368421,6.0649505959236105,5.022,0.44
GPTZero,style_dif_cat_pers_p_5,0.9977558223168834,458,Style Difference Test,22.043478260869566,5.156445753261068,4.544378698224852,0.40039447731755423
GPTZero,style_dif_cat_pers_p_7,1.0,446,Style Difference Test,24.4,5.557356433261753,4.956967213114754,0.3401639344262295
GPTZero,style_dif_cat_pers_p_6,0.9973955738343496,450,Style Difference Test,26.63157894736842,6.473969470251955,4.711462450592886,0.41106719367588934
GPTZero,style_dif_cat_pers_p_8,0.9977558223168834,483,Style Difference Test,25.38095238095238,6.304571281825518,4.943714821763602,0.3302063789868668
GPTZero,style_dif_cat_pers_p_9,0.9977558223168834,488,Style Difference Test,27.0,7.581140033697196,5.0,0.37777777777777777
GPTZero,style_dif_cat_res_p_1,0.9977558223168834,482,Style Difference Test,29.0,5.487954724560283,5.3869731800766285,0.40229885057471265
GPTZero,style_dif_cat_res_p_0,0.9977558223168834,490,Style Difference Test,25.523809523809526,5.784626587940207,5.19589552238806,0.39738805970149255
GPTZero,style_dif_cat_res_p_11,0.9957527940105094,482,Style Difference Test,29.166666666666668,8.759868384721717,4.44,0.35619047619047617
GPTZero,style_dif_cat_res_p_13,0.9977558223168834,468,Style Difference Test,25.142857142857142,5.8248237251071755,5.1022727272727275,0.4772727272727273
GPTZero,style_dif_cat_res_p_10,0.9977558223168834,497,Style Difference Test,24.818181818181817,5.482755334738735,5.049450549450549,0.4230769230769231
GPTZero,style_dif_cat_res_p_12,0.9825825322814176,420,Style Difference Test,22.9,5.609202964302223,5.253275109170306,0.4410480349344978
GPTZero,style_dif_cat_res_p_15,0.9977558223168834,488,Style Difference Test,26.7,6.790860731430458,4.719101123595506,0.4250936329588015
GPTZero,style_dif_cat_res_p_14,0.9971703569068078,447,Style Difference Test,26.0,6.0,5.280769230769231,0.4846153846153846
GPTZero,style_dif_cat_res_p_17,0.9977558223168834,457,Style Difference Test,23.761904761904763,4.877548174080518,5.198396793587174,0.44488977955911824
GPTZero,style_dif_cat_res_p_16,0.9977558223168834,485,Style Difference Test,21.0,6.729041536504289,4.772893772893773,0.35714285714285715
GPTZero,style_dif_cat_res_p_19,0.9977558223168834,461,Style Difference Test,22.863636363636363,5.230819425431532,5.536779324055666,0.3399602385685885
GPTZero,style_dif_cat_res_p_18,0.9977558223168834,457,Style Difference Test,25.35,6.474850130352541,5.063116370808679,0.41420118343195267
GPTZero,style_dif_cat_res_p_2,0.4312740666331827,433,Style Difference Test,24.526315789473685,5.621075629100731,5.072961373390558,0.4012875536480687
GPTZero,style_dif_cat_res_p_3,0.982932157729323,435,Style Difference Test,22.772727272727273,5.4329840803481115,5.079840319361278,0.4171656686626746
GPTZero,style_dif_cat_res_p_5,0.9977558223168834,474,Style Difference Test,25.09090909090909,7.144155726113551,5.521739130434782,0.4365942028985507
GPTZero,style_dif_cat_res_p_7,0.9977558223168834,486,Style Difference Test,24.272727272727273,5.556478999731653,4.432584269662922,0.350187265917603
GPTZero,style_dif_cat_res_p_8,0.9977558223168834,452,Style Difference Test,24.9,6.137889230877852,5.281124497991968,0.3895582329317269
GPTZero,style_dif_cat_res_p_6,0.9977775103937532,439,Style Difference Test,27.055555555555557,8.50931822956611,4.728952772073922,0.406570841889117
GPTZero,style_dif_cat_res_p_9,0.982932157729323,475,Style Difference Test,26.35,7.065669409937485,5.2960151802656545,0.41935483870967744
GPTZero,style_dif_cat_res_p_4,0.9977558223168834,435,Style Difference Test,24.736842105263158,6.9908043191924465,5.121276595744681,0.37446808510638296
GPTZero,form_test_academic_p_15,0.4712338466985307,475,Formality detailed test,19.071428571428573,10.742537707735375,4.855805243445693,0.40262172284644193
GPTZero,form_test_academic_p_11,0.7713612860287717,452,Formality detailed test,22.73913043478261,13.538555688055395,4.6195028680688335,0.45506692160611856
GPTZero,form_test_academic_p_1,0.9826080317224812,444,Formality detailed test,24.55,6.8631356957987775,5.494908350305499,0.4195519348268839
GPTZero,form_test_academic_p_13,0.8235569534490451,467,Formality detailed test,24.761904761904763,6.9275158744297505,5.123076923076923,0.40576923076923077
GPTZero,form_test_academic_p_14,0.9977558223168834,424,Formality detailed test,22.428571428571427,5.153362286618597,5.56900212314225,0.40764331210191085
GPTZero,form_test_academic_p_0,0.9973955738343496,452,Formality detailed test,27.31578947368421,7.416592745541336,5.105973025048169,0.3969171483622351
GPTZero,form_test_academic_p_12,0.9973955738343496,484,Formality detailed test,26.65,5.742500830602785,5.4840525328330205,0.3902439024390244
GPTZero,form_test_academic_p_17,0.8680284676388803,488,Formality detailed test,22.2,9.958246164193104,5.079279279279279,0.4
GPTZero,form_test_academic_p_16,0.915630600561598,414,Formality detailed test,24.1,7.79946017025335,5.008298755186722,0.46265560165975106
GPTZero,form_test_academic_p_10,0.9977558223168834,448,Formality detailed test,23.666666666666668,4.258325179379017,4.9738430583501,0.386317907444668
GPTZero,form_test_academic_p_18,0.8314732230637943,447,Formality detailed test,21.73913043478261,5.917749812711738,5.144,0.414
GPTZero,form_test_academic_p_19,0.9977558223168834,484,Formality detailed test,22.833333333333332,8.159639094036423,5.142335766423358,0.3886861313868613
GPTZero,form_test_academic_p_4,0.9973955738343496,481,Formality detailed test,22.625,7.933487088998403,5.195211786372007,0.4125230202578269
GPTZero,form_test_academic_p_3,0.9973955738343496,469,Formality detailed test,23.08695652173913,4.851551237193587,5.288135593220339,0.4350282485875706
GPTZero,form_test_academic_p_2,0.6027397260273972,425,Formality detailed test,15.25,9.445941268693813,4.938524590163935,0.5184426229508197
GPTZero,form_test_academic_p_5,0.982932157729323,448,Formality detailed test,26.210526315789473,6.390782836488649,5.542168674698795,0.4397590361445783
GPTZero,form_test_academic_p_9,0.9977558223168834,425,Formality detailed test,25.36842105263158,6.668420821852048,5.655601659751038,0.4315352697095436
GPTZero,form_test_academic_p_6,0.9977775103937532,391,Formality detailed test,24.88888888888889,5.717762714341715,4.671875,0.3794642857142857
GPTZero,form_test_academic_p_7,0.8223915592028135,476,Formality detailed test,21.5,11.897058459972364,4.926654740608229,0.4400715563506261
GPTZero,form_test_academic_p_8,0.9977558223168834,463,Formality detailed test,23.863636363636363,6.2738721585215504,5.198095238095238,0.40190476190476193
GPTZero,form_test_formal_p_10,0.9977558223168834,479,Formality detailed test,27.68421052631579,7.265234045162905,5.133079847908745,0.42775665399239543
GPTZero,form_test_formal_p_1,0.9128866114146776,422,Formality detailed test,23.4,4.627150993407225,5.816239316239316,0.41239316239316237
GPTZero,form_test_formal_p_0,0.9977558223168834,434,Formality detailed test,24.75,8.674675786448736,5.153535353535354,0.397979797979798
GPTZero,form_test_formal_p_11,0.9820821274401206,447,Formality detailed test,28.88235294117647,7.7126710105933505,4.505091649694501,0.35845213849287166
GPTZero,form_test_formal_p_16,0.9977775103937532,421,Formality detailed test,21.130434782608695,4.330697485563087,5.2592592592592595,0.4444444444444444
GPTZero,form_test_formal_p_12,0.9973955738343496,453,Formality detailed test,27.833333333333332,5.863646727180661,5.127744510978044,0.4171656686626746
GPTZero,form_test_formal_p_13,0.4708284996133023,458,Formality detailed test,21.75,5.862556201640314,5.032567049808429,0.4501915708812261
GPTZero,form_test_formal_p_14,0.9977558223168834,429,Formality detailed test,26.526315789473685,4.439324536366009,5.26984126984127,0.44642857142857145
GPTZero,form_test_formal_p_17,0.9820821274401206,449,Formality detailed test,24.6,7.344170620653033,5.121951219512195,0.44308943089430897
GPTZero,form_test_formal_p_15,0.9977775103937532,443,Formality detailed test,28.41176470588235,7.106852534081207,4.743271221532091,0.3995859213250518
GPTZero,form_test_formal_p_18,0.9977558223168834,398,Formality detailed test,18.04,4.344344983232033,5.656319290465632,0.4722838137472284
GPTZero,form_test_formal_p_19,0.9977558223168834,495,Formality detailed test,23.956521739130434,6.4065184196152565,5.098003629764065,0.4192377495462795
GPTZero,form_test_formal_p_3,0.9977558223168834,460,Formality detailed test,24.09090909090909,6.270938950801174,5.19622641509434,0.45849056603773586
GPTZero,form_test_formal_p_2,1.0,420,Formality detailed test,26.647058823529413,4.834009418570006,5.335540838852097,0.4481236203090508
GPTZero,form_test_formal_p_4,0.9807071088338744,442,Formality detailed test,23.38095238095238,8.587643393132895,5.107942973523421,0.4134419551934827
GPTZero,form_test_formal_p_5,0.915630600561598,500,Formality detailed test,26.38095238095238,6.800560201014255,5.389891696750903,0.41155234657039713
GPTZero,form_test_formal_p_8,0.8223915592028135,451,Formality detailed test,22.454545454545453,6.441881363222665,5.054655870445344,0.4331983805668016
GPTZero,form_test_formal_p_9,0.9977558223168834,435,Formality detailed test,24.0,6.897749442276158,5.327083333333333,0.39791666666666664
GPTZero,form_test_formal_p_6,1.0,412,Formality detailed test,24.157894736842106,7.197709187224755,4.847494553376906,0.38344226579520696
GPTZero,form_test_formal_p_7,0.9825825322814176,447,Formality detailed test,23.571428571428573,7.839460622845353,4.828282828282828,0.4
GPTZero,form_test_informal_p_0,0.9825825322814176,432,Formality detailed test,20.03846153846154,8.292072210157214,4.0,0.4491362763915547
GPTZero,form_test_informal_p_1,0.9977558223168834,414,Formality detailed test,12.487804878048781,5.975457937344686,4.15625,0.466796875
GPTZero,form_test_informal_p_11,0.9977775103937532,399,Formality detailed test,16.275862068965516,6.562319666769289,3.705508474576271,0.4576271186440678
GPTZero,form_test_informal_p_10,0.9977558223168834,387,Formality detailed test,17.76923076923077,7.468909919433718,3.878787878787879,0.4696969696969697
GPTZero,form_test_informal_p_13,0.9825825322814176,409,Formality detailed test,18.84,8.050258795011914,3.9447983014861996,0.4989384288747346
GPTZero,form_test_informal_p_12,0.9825825322814176,423,Formality detailed test,17.857142857142858,6.95868381400394,3.804,0.458
GPTZero,form_test_informal_p_14,0.9973955738343496,480,Formality detailed test,23.391304347826086,8.674618830686885,4.16542750929368,0.45353159851301117
GPTZero,form_test_informal_p_17,0.9977558223168834,463,Formality detailed test,18.448275862068964,4.859351859313219,4.209345794392523,0.48411214953271026
GPTZero,form_test_informal_p_16,0.9977775103937532,417,Formality detailed test,14.485714285714286,4.816463363063306,3.9881656804733727,0.4832347140039448
GPTZero,form_test_informal_p_15,0.9973955738343496,427,Formality detailed test,18.379310344827587,7.475740733023662,3.5403377110694185,0.4634146341463415
GPTZero,form_test_informal_p_18,0.9977558223168834,406,Formality detailed test,13.27027027027027,5.805402888921897,3.7026476578411405,0.4419551934826884
GPTZero,form_test_informal_p_19,0.9973955738343496,421,Formality detailed test,14.527777777777779,6.496091621060032,3.655831739961759,0.4608030592734226
GPTZero,form_test_informal_p_3,0.9977775103937532,370,Formality detailed test,17.958333333333332,7.4453321628046085,3.879350348027842,0.4918793503480278
GPTZero,form_test_informal_p_2,0.9820821274401206,436,Formality detailed test,21.695652173913043,6.957238105407631,4.208416833667335,0.5090180360721442
GPTZero,form_test_informal_p_4,0.9972238584022944,391,Formality detailed test,17.25,5.910599393055258,3.761904761904762,0.4803312629399586
GPTZero,form_test_informal_p_6,0.9977558223168834,432,Formality detailed test,19.307692307692307,7.630303956038611,3.7171314741035855,0.4581673306772908
GPTZero,form_test_informal_p_5,0.7589185649704708,426,Formality detailed test,18.444444444444443,5.645511037257378,4.417670682730924,0.5160642570281124
GPTZero,form_test_informal_p_8,0.9977558223168834,422,Formality detailed test,15.96774193548387,5.735758426850175,4.107070707070707,0.48484848484848486
GPTZero,form_test_informal_p_9,0.9973955738343496,447,Formality detailed test,21.04,7.4859869088851605,3.8555133079847907,0.4752851711026616
GPTZero,form_test_professional_p_0,0.9977775103937532,368,Formality detailed test,23.823529411764707,6.607148535087272,4.851851851851852,0.4049382716049383
GPTZero,form_test_informal_p_7,0.9825825322814176,428,Formality detailed test,20.583333333333332,7.143964717442127,3.9595141700404857,0.48380566801619435
GPTZero,form_test_professional_p_1,0.9825825322814176,427,Formality detailed test,24.05,5.558066683943069,5.1954261954261955,0.40540540540540543
GPTZero,form_test_professional_p_12,0.890625,439,Formality detailed test,24.894736842105264,7.225685179676006,5.190274841437632,0.3974630021141649
GPTZero,form_test_professional_p_10,0.9977775103937532,413,Formality detailed test,30.133333333333333,6.998639323536567,5.0597345132743365,0.48008849557522126
GPTZero,form_test_professional_p_11,0.9977775103937532,409,Formality detailed test,24.157894736842106,5.428967140306369,4.684095860566448,0.3660130718954248
GPTZero,form_test_professional_p_13,0.9826080317224812,452,Formality detailed test,24.333333333333332,6.247666230948427,4.951076320939334,0.4755381604696673
GPTZero,form_test_professional_p_14,0.9977558223168834,418,Formality detailed test,24.894736842105264,8.332631549397327,5.701902748414376,0.45665961945031713
GPTZero,form_test_professional_p_15,0.890625,428,Formality detailed test,24.5,9.511765567470968,4.663265306122449,0.3816326530612245
GPTZero,form_test_professional_p_16,0.982932157729323,425,Formality detailed test,25.05263157894737,7.035415838697228,4.892857142857143,0.39705882352941174
GPTZero,form_test_professional_p_17,0.9973955738343496,440,Formality detailed test,24.45,6.565259444907518,5.443762781186094,0.4335378323108384
GPTZero,form_test_professional_p_19,0.9820821274401206,485,Formality detailed test,23.90909090909091,5.353317537565716,5.4543726235741445,0.4296577946768061
GPTZero,form_test_professional_p_18,0.9977558223168834,474,Formality detailed test,25.047619047619047,6.851833261808043,5.136882129277566,0.3973384030418251
GPTZero,form_test_professional_p_2,0.9851100744681244,426,Formality detailed test,22.095238095238095,4.805255059877279,5.252155172413793,0.4245689655172414
GPTZero,form_test_professional_p_3,0.9977558223168834,479,Formality detailed test,27.25,6.773594241417802,5.088073394495413,0.43302752293577984
GPTZero,form_test_professional_p_5,0.9977558223168834,479,Formality detailed test,23.818181818181817,4.676551065703214,5.551526717557252,0.44656488549618323
GPTZero,form_test_professional_p_4,0.8223915592028135,436,Formality detailed test,22.666666666666668,7.9833159359587755,5.102941176470588,0.42857142857142855
GPTZero,form_test_professional_p_6,0.9977558223168834,491,Formality detailed test,28.36842105263158,10.79717311931327,4.797773654916512,0.4174397031539889
GPTZero,form_test_professional_p_7,0.9977558223168834,416,Formality detailed test,27.11764705882353,8.666619532300183,5.132321041214751,0.40997830802603036
GPTZero,form_test_professional_p_8,0.9977558223168834,432,Formality detailed test,20.291666666666668,4.427966131077677,5.381930184804928,0.4414784394250513
GPTZero,form_test_professional_p_9,0.9825825322814176,459,Formality detailed test,22.90909090909091,6.361409628968446,5.194444444444445,0.42063492063492064
GPTZero,form_test_semi-formal_p_1,1.0,409,Formality detailed test,26.529411764705884,5.980360012771216,5.279379157427938,0.44567627494456763
GPTZero,form_test_semi-formal_p_10,0.9977558223168834,431,Formality detailed test,24.736842105263158,5.979986113539784,4.868085106382979,0.4276595744680851
GPTZero,form_test_semi-formal_p_0,0.9973955738343496,415,Formality detailed test,20.863636363636363,6.235806394146741,4.799564270152506,0.4008714596949891
GPTZero,form_test_semi-formal_p_14,0.9977775103937532,446,Formality detailed test,24.55,7.294374184043625,5.175152749490835,0.4439918533604888
GPTZero,form_test_semi-formal_p_11,0.9971703569068078,493,Formality detailed test,26.65,5.7972316442283125,4.675422138836773,0.4371482176360225
GPTZero,form_test_semi-formal_p_12,0.9977775103937532,493,Formality detailed test,31.823529411764707,7.443413985847212,5.304990757855823,0.3974121996303142
GPTZero,form_test_semi-formal_p_13,0.9851100744681244,380,Formality detailed test,20.181818181818183,5.288229189943261,4.9324324324324325,0.4797297297297297
GPTZero,form_test_semi-formal_p_15,0.9977558223168834,385,Formality detailed test,22.894736842105264,5.526649948126153,4.852873563218391,0.4068965517241379
GPTZero,form_test_semi-formal_p_17,0.9973955738343496,439,Formality detailed test,23.8,5.0220566137369405,5.15546218487395,0.4117647058823529
GPTZero,form_test_semi-formal_p_16,1.0,410,Formality detailed test,20.681818181818183,6.319933420658674,4.564835164835165,0.3978021978021978
GPTZero,form_test_semi-formal_p_18,0.9977558223168834,476,Formality detailed test,27.94736842105263,7.336920972501009,5.19774011299435,0.4067796610169492
GPTZero,form_test_semi-formal_p_2,0.9973955738343496,408,Formality detailed test,23.736842105263158,5.733353733133843,5.793791574279379,0.49223946784922396
GPTZero,form_test_semi-formal_p_19,0.9973955738343496,440,Formality detailed test,23.75,4.744803251425378,5.176842105263158,0.38105263157894737
GPTZero,form_test_semi-formal_p_4,0.982932157729323,429,Formality detailed test,22.61904761904762,5.162133187706323,5.3452631578947365,0.4442105263157895
GPTZero,form_test_semi-formal_p_6,0.9977558223168834,435,Formality detailed test,25.36842105263158,6.229058483482337,4.539419087136929,0.4315352697095436
GPTZero,form_test_semi-formal_p_7,1.0,380,Formality detailed test,24.58823529411765,6.624375664255196,5.002392344497608,0.4354066985645933
GPTZero,form_test_semi-formal_p_3,1.0,401,Formality detailed test,22.65,5.018649430400888,4.8719646799117,0.4260485651214128
GPTZero,form_test_semi-formal_p_8,0.8235569534490451,425,Formality detailed test,20.041666666666668,6.053954271287534,5.039501039501039,0.4095634095634096
GPTZero,form_test_semi-formal_p_5,0.9977558223168834,426,Formality detailed test,22.714285714285715,7.510944395632663,5.243186582809225,0.469601677148847
GPTZero,form_test_semi-formal_p_9,0.9825825322814176,447,Formality detailed test,26.105263157894736,8.218507142366112,4.866935483870968,0.3810483870967742
GPTZero,form_test_academic_p_15,0.8235569534490451,479,Formality detailed argumentative test,26.45,8.127115109311545,5.111531190926276,0.45935727788279773
GPTZero,form_test_academic_p_12,0.9106245014028448,455,Formality detailed argumentative test,25.35,7.336103942327397,4.798816568047338,0.40433925049309666
GPTZero,form_test_academic_p_11,0.8680284676388803,472,Formality detailed argumentative test,27.473684210526315,7.798635358208024,4.818007662835249,0.4118773946360153
GPTZero,form_test_academic_p_13,0.4019883199782698,444,Formality detailed argumentative test,19.75,11.812187679586613,4.837251356238698,0.46473779385171793
GPTZero,form_test_academic_p_14,0.9977558223168834,419,Formality detailed argumentative test,27.470588235294116,8.178612711355939,4.963597430406852,0.4261241970021413
GPTZero,form_test_academic_p_0,0.9092670190856504,488,Formality detailed argumentative test,24.5,7.0084982427798055,5.109461966604823,0.3914656771799629
GPTZero,form_test_academic_p_17,0.7236238825849749,426,Formality detailed argumentative test,25.210526315789473,9.354612334555856,4.991649269311065,0.44258872651356995
GPTZero,form_test_academic_p_1,0.982932157729323,457,Formality detailed argumentative test,26.25,4.050665962140313,5.384761904761905,0.37714285714285717
GPTZero,form_test_academic_p_10,0.4200164068908942,481,Formality detailed argumentative test,21.40740740740741,7.8164484324318355,4.72318339100346,0.4186851211072664
GPTZero,form_test_academic_p_16,0.9977558223168834,434,Formality detailed argumentative test,25.68421052631579,6.164888316361974,4.911885245901639,0.45286885245901637
GPTZero,form_test_academic_p_18,0.9977558223168834,426,Formality detailed argumentative test,21.130434782608695,7.021424019165699,5.199588477366255,0.44238683127572015
GPTZero,form_test_academic_p_19,0.4448284527841269,456,Formality detailed argumentative test,21.5,6.079187588743288,5.426356589147287,0.5096899224806202
GPTZero,form_test_academic_p_4,0.890625,459,Formality detailed argumentative test,24.19047619047619,6.997278382478774,5.316929133858268,0.4330708661417323
GPTZero,form_test_academic_p_7,0.8238255803362468,438,Formality detailed argumentative test,29.176470588235293,8.353407194953798,5.17741935483871,0.45161290322580644
GPTZero,form_test_academic_p_3,0.9977558223168834,471,Formality detailed argumentative test,24.227272727272727,7.501947799019984,5.082551594746716,0.3902439024390244
GPTZero,form_test_academic_p_2,0.9977558223168834,452,Formality detailed argumentative test,21.82608695652174,7.259177100327078,4.828685258964144,0.4601593625498008
GPTZero,form_test_academic_p_5,0.9977558223168834,477,Formality detailed argumentative test,31.235294117647058,7.075745647674754,5.009416195856874,0.4256120527306968
GPTZero,form_test_academic_p_6,0.9977558223168834,473,Formality detailed argumentative test,29.166666666666668,5.903637961161794,5.2838095238095235,0.3980952380952381
GPTZero,form_test_academic_p_8,0.9106245014028448,476,Formality detailed argumentative test,27.15,7.110222440816795,5.5340699815837935,0.4677716390423573
GPTZero,form_test_academic_p_9,0.9826080317224812,429,Formality detailed argumentative test,25.105263157894736,6.773270479056342,5.20335429769392,0.48846960167714887
GPTZero,form_test_formal_p_0,0.8238255803362468,495,Formality detailed argumentative test,22.958333333333332,4.553824638760227,5.294010889292196,0.38294010889292196
GPTZero,form_test_formal_p_1,0.9977775103937532,419,Formality detailed argumentative test,21.40909090909091,4.393275065468335,5.369426751592357,0.3673036093418259
GPTZero,form_test_formal_p_10,0.7737826085224376,488,Formality detailed argumentative test,24.869565217391305,4.938755343993675,4.7972027972027975,0.39335664335664333
GPTZero,form_test_formal_p_11,0.9973955738343496,417,Formality detailed argumentative test,26.941176470588236,8.771192822496365,4.602620087336245,0.4148471615720524
GPTZero,form_test_formal_p_14,0.9104753354570072,489,Formality detailed argumentative test,21.8,6.363961030678928,5.018348623853211,0.3908256880733945
GPTZero,form_test_formal_p_17,0.9977558223168834,433,Formality detailed argumentative test,25.31578947368421,6.412250701924207,4.923076923076923,0.4158004158004158
GPTZero,form_test_formal_p_16,0.9106245014028448,439,Formality detailed argumentative test,25.36842105263158,7.1352842060953945,5.070539419087137,0.4024896265560166
GPTZero,form_test_formal_p_15,0.982251886615535,425,Formality detailed argumentative test,21.681818181818183,5.735323826423351,5.012578616352202,0.4444444444444444
GPTZero,form_test_formal_p_12,0.4712838602865323,461,Formality detailed argumentative test,28.555555555555557,7.139140022540383,5.017509727626459,0.3346303501945525
GPTZero,form_test_formal_p_13,0.9122259726882967,421,Formality detailed argumentative test,26.22222222222222,4.277926319464986,4.739406779661017,0.4088983050847458
GPTZero,form_test_formal_p_19,0.984826669620113,409,Formality detailed argumentative test,20.545454545454547,5.662973076862018,5.04424778761062,0.415929203539823
GPTZero,form_test_formal_p_18,0.9977558223168834,451,Formality detailed argumentative test,29.0,5.44288526426931,5.0344827586206895,0.4462474645030426
GPTZero,form_test_formal_p_2,0.9977775103937532,495,Formality detailed argumentative test,28.42105263157895,4.705974801293496,5.0055555555555555,0.4074074074074074
GPTZero,form_test_formal_p_3,0.9820821274401206,470,Formality detailed argumentative test,24.476190476190474,7.318599918147238,4.861867704280155,0.4260700389105058
GPTZero,form_test_formal_p_6,0.9973955738343496,457,Formality detailed argumentative test,25.0,6.382541978339285,5.148,0.382
GPTZero,form_test_formal_p_4,0.8235569534490451,468,Formality detailed argumentative test,25.75,5.627704028427486,5.285436893203883,0.341747572815534
GPTZero,form_test_formal_p_8,0.9977558223168834,488,Formality detailed argumentative test,28.0,5.830951894845301,4.909774436090226,0.40977443609022557
GPTZero,form_test_formal_p_9,0.9977558223168834,419,Formality detailed argumentative test,25.61111111111111,7.986303635076367,5.1193058568329715,0.47071583514099785
GPTZero,form_test_formal_p_5,0.8235569534490451,436,Formality detailed argumentative test,25.473684210526315,6.760739777508175,5.260330578512397,0.41735537190082644
GPTZero,form_test_informal_p_1,0.8288928167075286,427,Formality detailed argumentative test,21.695652173913043,10.450901581850141,3.869739478957916,0.48296593186372744
GPTZero,form_test_formal_p_7,0.9106245014028448,450,Formality detailed argumentative test,23.61904761904762,6.111269839208465,5.209677419354839,0.4334677419354839
GPTZero,form_test_informal_p_0,0.982251886615535,404,Formality detailed argumentative test,15.09375,6.693084418432063,3.9668737060041406,0.4492753623188406
GPTZero,form_test_informal_p_10,0.9824120261096204,451,Formality detailed argumentative test,15.941176470588236,7.122057825157286,3.688191881918819,0.4612546125461255
GPTZero,form_test_informal_p_11,0.9134421713662072,460,Formality detailed argumentative test,23.272727272727273,8.22992112547877,3.93359375,0.41015625
GPTZero,form_test_informal_p_14,1.0,393,Formality detailed argumentative test,16.06896551724138,5.909623111518791,4.021459227467811,0.4206008583690987
GPTZero,form_test_informal_p_13,0.9807071088338744,442,Formality detailed argumentative test,21.291666666666668,6.4368448027347025,3.8493150684931505,0.42661448140900193
GPTZero,form_test_informal_p_12,0.9977558223168834,441,Formality detailed argumentative test,17.233333333333334,8.253247358102325,4.003868471953578,0.4796905222437137
GPTZero,form_test_informal_p_16,0.9972238584022944,382,Formality detailed argumentative test,18.48,7.416872656315463,3.6774891774891776,0.44372294372294374
GPTZero,form_test_informal_p_15,0.9807071088338744,414,Formality detailed argumentative test,17.103448275862068,8.282273788839662,4.034274193548387,0.4657258064516129
GPTZero,form_test_informal_p_17,0.9977558223168834,489,Formality detailed argumentative test,18.9375,7.687180363142514,3.712871287128713,0.4141914191419142
GPTZero,form_test_informal_p_18,0.9972238584022944,474,Formality detailed argumentative test,18.09375,6.561664693382854,3.8272884283246977,0.5008635578583766
GPTZero,form_test_informal_p_19,0.9973955738343496,388,Formality detailed argumentative test,15.741935483870968,6.67816213208137,3.625,0.4405737704918033
GPTZero,form_test_informal_p_3,0.9977558223168834,475,Formality detailed argumentative test,17.40625,6.922890385548697,3.881508078994614,0.47755834829443444
GPTZero,form_test_informal_p_2,0.9977775103937532,370,Formality detailed argumentative test,11.820512820512821,4.297317369266521,3.6377440347071586,0.4685466377440347
GPTZero,form_test_informal_p_4,0.8288928167075286,485,Formality detailed argumentative test,18.766666666666666,9.246372385906302,4.16696269982238,0.4227353463587922
GPTZero,form_test_informal_p_5,0.915630600561598,493,Formality detailed argumentative test,22.64,8.873556220591606,3.6342756183745584,0.4204946996466431
GPTZero,form_test_informal_p_6,0.9977775103937532,395,Formality detailed argumentative test,18.16,6.890089501111966,4.312775330396476,0.5110132158590308
GPTZero,form_test_informal_p_7,0.9977558223168834,447,Formality detailed argumentative test,15.085714285714285,6.68787941670878,3.803030303030303,0.4678030303030303
GPTZero,form_test_informal_p_9,0.9823433012855878,380,Formality detailed argumentative test,16.133333333333333,7.718018922751746,3.75,0.506198347107438
GPTZero,form_test_informal_p_8,0.9977558223168834,450,Formality detailed argumentative test,21.0,7.6702889993359005,4.173333333333333,0.4742857142857143
GPTZero,form_test_professional_p_1,0.9977775103937532,396,Formality detailed argumentative test,23.94736842105263,6.5783625471062015,5.30989010989011,0.378021978021978
GPTZero,form_test_professional_p_0,0.9977558223168834,442,Formality detailed argumentative test,24.15,5.556172480366223,5.024844720496894,0.38923395445134573
GPTZero,form_test_professional_p_11,0.9977558223168834,428,Formality detailed argumentative test,23.55,6.516981865217898,4.794055201698514,0.43312101910828027
GPTZero,form_test_professional_p_10,0.9134421713662072,428,Formality detailed argumentative test,23.75,4.265837364580679,4.783157894736842,0.4463157894736842
GPTZero,form_test_professional_p_12,1.0,419,Formality detailed argumentative test,25.444444444444443,5.293972401783908,5.349344978165939,0.39082969432314413
GPTZero,form_test_professional_p_13,0.9825825322814176,433,Formality detailed argumentative test,21.59090909090909,10.861285949073087,4.751578947368421,0.4231578947368421
GPTZero,form_test_professional_p_15,0.9977558223168834,453,Formality detailed argumentative test,22.545454545454547,7.268505268015483,4.780241935483871,0.4334677419354839
GPTZero,form_test_professional_p_14,1.0,370,Formality detailed argumentative test,22.944444444444443,5.373926401368022,4.6924939467312345,0.39951573849878935
GPTZero,form_test_professional_p_16,0.9973955738343496,433,Formality detailed argumentative test,22.523809523809526,8.506580086139481,5.135306553911205,0.3953488372093023
GPTZero,form_test_professional_p_18,0.9977775103937532,396,Formality detailed argumentative test,25.352941176470587,6.575914161454932,5.104408352668213,0.45707656612529
GPTZero,form_test_professional_p_17,0.9977558223168834,429,Formality detailed argumentative test,24.894736842105264,6.830444404300054,4.928118393234672,0.4080338266384778
GPTZero,form_test_professional_p_2,0.9973955738343496,473,Formality detailed argumentative test,28.88888888888889,8.73053390247253,4.8961538461538465,0.38846153846153847
GPTZero,form_test_professional_p_3,0.9977558223168834,432,Formality detailed argumentative test,23.65,6.0894645862644134,5.2431289640591965,0.47357293868921774
GPTZero,form_test_professional_p_19,0.9977558223168834,422,Formality detailed argumentative test,21.363636363636363,6.629985667911353,5.085106382978723,0.4553191489361702
GPTZero,form_test_professional_p_5,0.915321344878592,433,Formality detailed argumentative test,26.88888888888889,7.954938450524554,5.25206611570248,0.4152892561983471
GPTZero,form_test_professional_p_7,0.9977558223168834,415,Formality detailed argumentative test,23.2,5.934732734637588,5.506465517241379,0.4827586206896552
GPTZero,form_test_professional_p_6,0.9977558223168834,449,Formality detailed argumentative test,27.5,4.681000395843003,5.084848484848485,0.3939393939393939
GPTZero,form_test_professional_p_4,0.9977775103937532,455,Formality detailed argumentative test,26.0,7.01585505994973,5.291497975708502,0.39271255060728744
GPTZero,form_test_professional_p_8,0.9973955738343496,492,Formality detailed argumentative test,23.541666666666668,7.740234614277397,4.978761061946902,0.431858407079646
GPTZero,form_test_professional_p_9,0.9977558223168834,471,Formality detailed argumentative test,27.68421052631579,7.1651365155557025,5.020912547528517,0.42585551330798477
GPTZero,form_test_semi-formal_p_0,0.4340102823372675,457,Formality detailed argumentative test,25.0,9.095979447275766,5.126,0.362
GPTZero,form_test_semi-formal_p_1,0.9977558223168834,448,Formality detailed argumentative test,26.36842105263158,4.633339644069917,5.199600798403194,0.3712574850299401
GPTZero,form_test_semi-formal_p_12,0.984826669620113,415,Formality detailed argumentative test,23.94736842105263,6.319930416376137,4.87032967032967,0.41318681318681316
GPTZero,form_test_semi-formal_p_10,0.9104753354570072,494,Formality detailed argumentative test,23.208333333333332,5.9489068536684275,4.730700179533214,0.42010771992818674
GPTZero,form_test_semi-formal_p_13,0.9977558223168834,408,Formality detailed argumentative test,23.842105263157894,6.175787470209202,4.8322295805739515,0.47240618101545256
GPTZero,form_test_semi-formal_p_11,0.9977775103937532,471,Formality detailed argumentative test,23.272727272727273,5.937626735945201,4.501953125,0.435546875
GPTZero,form_test_semi-formal_p_15,0.982932157729323,456,Formality detailed argumentative test,26.157894736842106,6.643820503083521,4.7364185110663986,0.4225352112676056
GPTZero,form_test_semi-formal_p_16,0.9092670190856504,441,Formality detailed argumentative test,23.95,7.910519312249587,4.807933194154488,0.430062630480167
GPTZero,form_test_semi-formal_p_18,0.9977791878172588,382,Formality detailed argumentative test,23.444444444444443,7.740057928208686,4.786729857819905,0.4312796208530806
GPTZero,form_test_semi-formal_p_14,1.0,406,Formality detailed argumentative test,22.45,7.022332795783524,4.721603563474387,0.3830734966592428
GPTZero,form_test_semi-formal_p_17,0.4448284527841269,457,Formality detailed argumentative test,22.26086956521739,4.882411767152748,4.994140625,0.470703125
GPTZero,form_test_semi-formal_p_19,0.9977775103937532,441,Formality detailed argumentative test,24.2,6.143888705132332,4.636363636363637,0.371900826446281
GPTZero,form_test_semi-formal_p_2,1.0,412,Formality detailed argumentative test,20.863636363636363,5.742866834649702,4.928104575163399,0.47058823529411764
GPTZero,form_test_semi-formal_p_3,0.9851100744681244,357,Formality detailed argumentative test,21.77777777777778,6.207732896349383,4.961734693877551,0.48214285714285715
GPTZero,form_test_semi-formal_p_5,0.9109374343376851,397,Formality detailed argumentative test,27.5625,7.339107575175609,4.886621315192744,0.43537414965986393
GPTZero,form_test_semi-formal_p_4,1.0,393,Formality detailed argumentative test,22.63157894736842,6.7594421722160005,5.072093023255814,0.413953488372093
GPTZero,form_test_semi-formal_p_6,0.982932157729323,457,Formality detailed argumentative test,24.333333333333332,4.066120181860509,5.156555772994129,0.3972602739726027
GPTZero,form_test_semi-formal_p_7,0.4336227571789511,390,Formality detailed argumentative test,23.157894736842106,5.123618056442546,4.6477272727272725,0.4681818181818182
GPTZero,form_test_semi-formal_p_9,0.9977558223168834,441,Formality detailed argumentative test,21.652173913043477,5.32241141223663,4.971887550200803,0.44176706827309237
GPTZero,form_test_semi-formal_p_8,0.4712338466985307,434,Formality detailed argumentative test,25.05263157894737,7.494247306438351,4.873949579831932,0.39285714285714285
GPTZero,form_test_academic_p_10,0.9977775103937532,418,Formality test,24.473684210526315,7.11312106097388,5.040860215053764,0.38924731182795697
GPTZero,form_test_academic_p_14,0.9977775103937532,473,Formality test,22.91304347826087,4.888883898268703,5.428842504743833,0.4060721062618596
GPTZero,form_test_academic_p_15,0.9122259726882967,469,Formality test,28.444444444444443,5.873391867238537,4.580078125,0.384765625
GPTZero,form_test_academic_p_17,0.9977558223168834,482,Formality test,21.12,5.875939641169459,5.096590909090909,0.4128787878787879
GPTZero,form_test_academic_p_0,0.982932157729323,468,Formality test,25.047619047619047,6.763698621879826,5.326996197718631,0.40874524714828897
GPTZero,form_test_academic_p_1,0.9973955738343496,462,Formality test,25.55,4.968055851876911,5.526418786692759,0.42857142857142855
GPTZero,form_test_academic_p_13,0.9977558223168834,459,Formality test,22.347826086956523,7.696567686326005,5.107003891050583,0.4377431906614786
GPTZero,form_test_academic_p_12,0.9977558223168834,483,Formality test,26.1,6.758230849159143,5.404214559386973,0.4386973180076628
GPTZero,form_test_academic_p_11,0.9977775103937532,448,Formality test,26.05263157894737,7.6046307837215315,4.505050505050505,0.37373737373737376
GPTZero,form_test_academic_p_16,0.9977775103937532,435,Formality test,25.68421052631579,8.963212665476018,5.028688524590164,0.44672131147540983
GPTZero,form_test_academic_p_18,0.9977558223168834,450,Formality test,23.857142857142858,6.980585321344581,5.169660678642715,0.4311377245508982
GPTZero,form_test_academic_p_19,0.9977558223168834,442,Formality test,26.77777777777778,6.217201522489184,5.240663900414938,0.46265560165975106
GPTZero,form_test_academic_p_5,0.9825825322814176,490,Formality test,28.263157894736842,7.998903433618316,5.567970204841713,0.37988826815642457
GPTZero,form_test_academic_p_2,0.9973955738343496,474,Formality test,28.555555555555557,6.723288955495292,5.663424124513619,0.490272373540856
GPTZero,form_test_academic_p_3,0.9977558223168834,484,Formality test,25.761904761904763,5.9489895100324555,5.053604436229205,0.3844731977818854
GPTZero,form_test_academic_p_7,0.9973955738343496,463,Formality test,27.72222222222222,7.513169265915726,4.791583166332665,0.342685370741483
GPTZero,form_test_academic_p_4,0.9956582811901415,451,Formality test,26.31578947368421,8.994150145628282,5.176,0.416
GPTZero,form_test_academic_p_8,1.0,396,Formality test,22.25,6.912041361962014,5.213483146067416,0.39325842696629215
GPTZero,form_test_academic_p_9,0.982932157729323,451,Formality test,23.09090909090909,4.471167855420101,5.291338582677166,0.4409448818897638
GPTZero,form_test_academic_p_6,0.9825825322814176,475,Formality test,26.65,8.84530800391996,4.784240150093809,0.42964352720450283
GPTZero,form_test_formal_p_0,0.9977558223168834,457,Formality test,24.333333333333332,6.872651113895811,5.060665362035225,0.41487279843444225
GPTZero,form_test_formal_p_1,0.982932157729323,432,Formality test,24.842105263157894,6.030138729698945,5.148305084745763,0.3665254237288136
GPTZero,form_test_formal_p_10,0.9977775103937532,431,Formality test,23.8,5.717931168010443,5.050420168067227,0.43487394957983194
GPTZero,form_test_formal_p_14,0.9825825322814176,494,Formality test,23.91304347826087,5.282157302726888,5.318181818181818,0.4163636363636364
GPTZero,form_test_formal_p_11,0.9977558223168834,470,Formality test,22.565217391304348,6.6183360100180755,4.7129094412331405,0.4527938342967245
GPTZero,form_test_formal_p_15,0.9977558223168834,457,Formality test,27.88888888888889,6.8159750835716295,4.830677290836653,0.39641434262948205
GPTZero,form_test_formal_p_12,0.9820821274401206,416,Formality test,24.157894736842106,5.209640186922028,5.230936819172113,0.4531590413943355
GPTZero,form_test_formal_p_13,0.982251886615535,426,Formality test,26.055555555555557,6.512180643380997,4.927505330490405,0.43283582089552236
GPTZero,form_test_formal_p_18,0.9977775103937532,464,Formality test,23.181818181818183,6.169327845122681,5.129411764705883,0.3686274509803922
GPTZero,form_test_formal_p_16,0.982932157729323,490,Formality test,20.807692307692307,6.059829903680339,5.175600739371534,0.43253234750462105
GPTZero,form_test_formal_p_17,0.9973955738343496,428,Formality test,27.235294117647058,9.120919716267007,5.185745140388769,0.408207343412527
GPTZero,form_test_formal_p_19,0.9973955738343496,464,Formality test,29.764705882352942,10.377435929486062,5.150197628458498,0.3774703557312253
GPTZero,form_test_formal_p_2,0.9977775103937532,388,Formality test,25.11764705882353,6.153071925278223,4.88056206088993,0.45433255269320844
GPTZero,form_test_formal_p_4,0.982251886615535,450,Formality test,26.0,9.273618495495704,5.123481781376518,0.39473684210526316
GPTZero,form_test_formal_p_3,0.982932157729323,494,Formality test,23.166666666666668,6.8503675983033245,5.0215827338129495,0.4010791366906475
GPTZero,form_test_formal_p_5,0.9977558223168834,466,Formality test,25.55,6.5572378652182985,5.4559686888454015,0.4207436399217221
GPTZero,form_test_formal_p_6,0.9977558223168834,452,Formality test,26.05263157894737,9.907761739669484,4.81010101010101,0.45656565656565656
GPTZero,form_test_informal_p_0,0.9977558223168834,438,Formality test,22.181818181818183,5.058103951523297,4.887295081967213,0.38729508196721313
GPTZero,form_test_formal_p_7,0.8307331404026007,479,Formality test,22.956521739130434,4.8192630601252455,4.6477272727272725,0.36553030303030304
GPTZero,form_test_formal_p_9,0.9977775103937532,482,Formality test,31.705882352941178,9.61616286443268,5.094619666048238,0.37662337662337664
GPTZero,form_test_informal_p_1,1.0,376,Formality test,15.068965517241379,5.358111570871899,4.862700228832952,0.4576659038901602
GPTZero,form_test_formal_p_8,0.982251886615535,438,Formality test,22.136363636363637,5.045464295454875,5.075975359342916,0.406570841889117
GPTZero,form_test_informal_p_10,0.9977775103937532,482,Formality test,26.3,5.6484744097760355,4.842205323193916,0.38783269961977185
GPTZero,form_test_informal_p_12,0.8304728786305682,453,Formality test,24.95,6.091192952037176,5.080160320641283,0.43887775551102204
GPTZero,form_test_informal_p_11,0.9825825322814176,458,Formality test,22.08695652173913,9.346428795283064,4.409448818897638,0.40551181102362205
GPTZero,form_test_informal_p_14,0.9977558223168834,419,Formality test,22.047619047619047,5.103686809319225,5.038876889848812,0.47300215982721383
GPTZero,form_test_informal_p_13,1.0,387,Formality test,24.555555555555557,5.943085178416047,4.527149321266968,0.4502262443438914
GPTZero,form_test_informal_p_15,0.982932157729323,402,Formality test,20.727272727272727,5.921565254637921,4.842105263157895,0.4232456140350877
GPTZero,form_test_informal_p_16,0.9977775103937532,420,Formality test,19.2,5.259911279353167,4.664583333333334,0.45
GPTZero,form_test_informal_p_18,0.982251886615535,420,Formality test,23.85,9.068598220464425,4.40251572327044,0.44025157232704404
GPTZero,form_test_informal_p_19,0.9977558223168834,462,Formality test,23.904761904761905,7.535945606921284,5.01394422310757,0.4362549800796813
GPTZero,form_test_informal_p_17,0.982251886615535,466,Formality test,25.2,7.259114053526454,4.726190476190476,0.4384920634920635
GPTZero,form_test_informal_p_3,0.9106245014028448,463,Formality test,20.64,6.095626847721788,4.412790697674419,0.48255813953488375
GPTZero,form_test_informal_p_2,0.984826669620113,395,Formality test,21.95,5.817170590949738,5.184510250569476,0.45785876993166286
GPTZero,form_test_informal_p_4,0.9973955738343496,465,Formality test,19.76923076923077,6.842851407462782,4.9319066147859925,0.4182879377431907
GPTZero,form_test_informal_p_5,0.982251886615535,454,Formality test,24.8,5.736310936298235,5.179435483870968,0.4495967741935484
GPTZero,form_test_informal_p_6,0.9977558223168834,482,Formality test,20.14814814814815,8.012988032436914,4.555147058823529,0.41360294117647056
GPTZero,form_test_professional_p_0,0.9977558223168834,444,Formality test,25.526315789473685,9.124864815148596,5.014432989690722,0.4061855670103093
GPTZero,form_test_informal_p_7,0.9977558223168834,450,Formality test,24.8,4.94815223354292,4.487903225806452,0.35685483870967744
GPTZero,form_test_informal_p_9,0.9957527940105094,475,Formality test,24.80952380952381,6.217869792935903,4.934740882917467,0.3857965451055662
GPTZero,form_test_informal_p_8,0.9977558223168834,443,Formality test,24.6,6.984192678357395,4.894308943089431,0.35772357723577236
GPTZero,form_test_professional_p_1,0.7778967141411584,443,Formality test,24.7,6.530092285960276,5.334008097165992,0.4251012145748988
GPTZero,form_test_professional_p_10,1.0,456,Formality test,26.473684210526315,4.970674233862171,5.021868787276342,0.44532803180914515
GPTZero,form_test_professional_p_12,0.913592311107588,438,Formality test,24.5,4.58257569495584,5.477551020408163,0.4326530612244898
GPTZero,form_test_professional_p_11,0.9807071088338744,472,Formality test,27.42105263157895,6.652616773986043,4.573896353166987,0.3934740882917466
GPTZero,form_test_professional_p_13,0.9977775103937532,477,Formality test,26.65,6.384809274652158,5.178236397748593,0.425891181988743
GPTZero,form_test_professional_p_14,0.9977558223168834,425,Formality test,27.055555555555557,5.229691501667606,5.361396303901437,0.48254620123203285
GPTZero,form_test_professional_p_17,0.9977558223168834,482,Formality test,22.869565217391305,6.517838095468096,5.365019011406844,0.4296577946768061
GPTZero,form_test_professional_p_15,0.982932157729323,443,Formality test,22.40909090909091,5.297430562335911,4.669371196754564,0.3975659229208925
GPTZero,form_test_professional_p_19,0.9973955738343496,437,Formality test,23.0,4.949747468305833,5.3436853002070395,0.40993788819875776
GPTZero,form_test_professional_p_18,0.9092670190856504,432,Formality test,21.130434782608695,5.521069954160622,5.041152263374485,0.44650205761316875
GPTZero,form_test_professional_p_2,0.9977558223168834,463,Formality test,31.5,6.918574034197124,4.946428571428571,0.42857142857142855
GPTZero,form_test_professional_p_4,0.915630600561598,470,Formality test,25.45,5.576973334968293,5.139489194499018,0.40471512770137524
GPTZero,form_test_professional_p_3,0.9977558223168834,484,Formality test,26.0,5.656854249492381,5.126373626373627,0.4706959706959707
GPTZero,form_test_professional_p_16,0.9826080317224812,462,Formality test,21.12,5.5024237083913,5.240530303030303,0.3768939393939394
GPTZero,form_test_professional_p_5,0.9973955738343496,440,Formality test,24.35,5.8783724922715415,5.505133470225872,0.4271047227926078
GPTZero,form_test_professional_p_6,0.9973955738343496,431,Formality test,25.263157894736842,7.101190082288695,4.75625,0.4395833333333333
GPTZero,form_test_professional_p_9,0.9977558223168834,435,Formality test,26.27777777777778,5.442810212246607,5.07399577167019,0.40169133192389006
GPTZero,form_test_semi-formal_p_0,0.9977558223168834,463,Formality test,26.57894736842105,6.492010384342384,5.0514851485148515,0.3405940594059406
GPTZero,form_test_professional_p_7,0.982251886615535,442,Formality test,27.0,8.073194571434241,4.995884773662551,0.43415637860082307
GPTZero,form_test_professional_p_8,0.9977558223168834,488,Formality test,25.761904761904763,8.16029878071117,5.157116451016636,0.3974121996303142
GPTZero,form_test_semi-formal_p_10,0.9977775103937532,454,Formality test,22.363636363636363,4.100469828428544,5.211382113821138,0.41260162601626016
GPTZero,form_test_semi-formal_p_11,0.9973955738343496,449,Formality test,27.22222222222222,8.370505329854595,4.553061224489796,0.39591836734693875
GPTZero,form_test_semi-formal_p_12,0.9973955738343496,439,Formality test,26.444444444444443,5.04360074715793,5.283613445378151,0.41596638655462187
GPTZero,form_test_semi-formal_p_1,0.9973955738343496,470,Formality test,28.944444444444443,5.578026450723169,5.587332053742802,0.4472168905950096
GPTZero,form_test_semi-formal_p_13,0.982932157729323,430,Formality test,25.42105263157895,5.852974452491696,5.169772256728779,0.4658385093167702
GPTZero,form_test_semi-formal_p_14,0.9977558223168834,470,Formality test,21.32,5.185878260558508,5.238273921200751,0.42213883677298314
GPTZero,form_test_semi-formal_p_15,0.9973955738343496,448,Formality test,27.166666666666668,7.139368896148603,4.752556237218814,0.4335378323108384
GPTZero,form_test_semi-formal_p_16,0.9977558223168834,483,Formality test,23.041666666666668,6.662544015135899,5.184448462929476,0.41229656419529837
GPTZero,form_test_semi-formal_p_17,0.9973955738343496,460,Formality test,25.35,8.412240455056203,5.370808678500986,0.4181459566074951
GPTZero,form_test_semi-formal_p_19,0.9977558223168834,470,Formality test,18.714285714285715,4.6655327420559125,5.479007633587786,0.4179389312977099
GPTZero,form_test_semi-formal_p_3,0.9977558223168834,478,Formality test,25.476190476190474,7.061296252240432,5.132710280373832,0.4261682242990654
GPTZero,form_test_semi-formal_p_18,0.9977558223168834,460,Formality test,24.38095238095238,5.2103377095557875,5.216796875,0.3984375
GPTZero,form_test_semi-formal_p_6,0.9825825322814176,429,Formality test,25.0,7.666666666666667,4.553684210526316,0.3705263157894737
GPTZero,form_test_semi-formal_p_2,0.9977558223168834,435,Formality test,26.11111111111111,5.454505842597302,5.378723404255319,0.4808510638297872
GPTZero,form_test_semi-formal_p_5,0.982932157729323,484,Formality test,25.095238095238095,8.287971777852299,5.189753320683112,0.4364326375711575
GPTZero,form_test_semi-formal_p_7,0.982251886615535,425,Formality test,26.22222222222222,5.995641118204179,5.1991525423728815,0.461864406779661
GPTZero,form_test_semi-formal_p_8,0.9977558223168834,476,Formality test,24.181818181818183,2.805375174576454,5.088345864661654,0.40789473684210525
GPTZero,form_test_semi-formal_p_4,0.9977558223168834,442,Formality test,25.894736842105264,5.886847268295137,5.166666666666667,0.3943089430894309
GPTZero,form_test_semi-formal_p_9,0.9973955738343496,435,Formality test,25.57894736842105,7.9184439371611965,5.242798353909465,0.44238683127572015
